{"cameraMode":{"drawMode":0,"name":"Shaded","section":"Shading Mode"},"sceneLighting":true,"audioPlay":false,"sceneViewState":{"m_AlwaysRefresh":false,"showFog":true,"showSkybox":true,"showFlares":true,"showImageEffects":true,"showParticleSystems":true,"showVisualEffectGraphs":true,"m_FxEnabled":true},"in2DMode":false,"pivot":{"x":2.2366511821746828,"y":-0.18266308307647706,"z":5.106898784637451},"rotation":{"x":-0.007477558683604002,"y":0.9918528199195862,"z":-0.10634414851665497,"w":-0.06974178552627564},"size":4.073617935180664,"orthographic":false}